"id","name","collectible"
"TU4e_005","Flame Burst","False"
"XXX_004","Restore 5","False"
"NAX9_05","Runeblade","False"
"GVG_041c","Dark Wispers","False"
"CS2_061","Drain Life","True"
"AT_090e","Might of the Monkey","False"
"BRMA05_3e","Living Bomb","False"
"GVG_019e","Demonheart","False"
"EX1_317","Sense Demons","True"
"EX1_570e","Bite","False"
"AT_019","Dreadsteed","True"
"EX1_577","The Beast","True"
"TU4c_003","Barrel","False"
"EX1_509","Murloc Tidecaller","True"
"EX1_607","Inner Rage","True"
"BRMA17_8","Nefarian Strikes!","False"
"CS2_125","Ironfur Grizzly","True"
"GVG_118","Troggzor the Earthinator","True"
"EX1_334e","Shadow Madness","False"
"AT_063","Acidmaw","True"
"FP1_016","Wailing Soul","True"
"XXX_025","Do Nothing","False"
"XXX_003","Restore 1","False"
"BRMA06_1","Majordomo Executus","False"
"EX1_249","Baron Geddon","True"
"BRMA15_2","The Alchemist","False"
"AT_013e","Power Word: Glory","False"
"BRM_024","Drakonid Crusher","True"
"GVG_048","Metaltooth Leaper","True"
"BRM_010t","Druid of the Flame","False"
"BRMC_99e","Rock Elemental","False"
"BRMA01_2H","Pile On!","False"
"AT_133e","Victory!","False"
"AT_036t","Nerubian","False"
"CRED_31","Jeremy Cranford","False"
"EX1_316e","Power Overwhelming","False"
"BRMA12_3H","Brood Affliction: Red","False"
"BRMA13_3H","Nefarian","False"
"XXX_029","Opponent Concede","False"
"GVG_036e","Powered","False"
"EX1_410","Shield Slam","True"
"Mekka3","Emboldener 3000","False"
"GAME_003","Coin's Vengeance","False"
"NAX15_05","Mr. Bigglesworth","False"
"CRED_37","Ricardo Robaina","False"
"AT_133","Gadgetzan Jouster","True"
"EX1_508o","Mlarggragllabl!","False"
"XXX_099","AI Helper Buddy","False"
"AT_093","Frigid Snobold","True"
"BRMA11_1","Vaelastrasz the Corrupt","False"
"NEW1_037e","Equipped","False"
"EX1_164a","Nourish","False"
"EX1_279","Pyroblast","True"
"EX1_408","Mortal Strike","True"
"EX1_619e","Equality","False"
"BRM_006t","Imp","False"
"AT_132_SHAMANd","Wrath of Air Totem","False"
"BRMA07_3","TIME FOR SMASH","False"
"EX1_554","Snake Trap","True"
"EX1_275","Cone of Cold","True"
"EX1_046e","Tempered","False"
"BRMA09_3t","Old Horde Orc","False"
"BRM_010b","Fire Hawk Form","False"
"BRMA04_3","Firesworn","False"
"BRMA06_1H","Majordomo Executus","False"
"EX1_609","Snipe","True"
"EX1_390","Tauren Warrior","True"
"EX1_023","Silvermoon Guardian","True"
"NAX12_04e","Enrage","False"
"GAME_001","Luck of the Coin","False"
"EX1_571","Force of Nature","True"
"BRMA12_5","Brood Affliction: Blue","False"
"HERO_06","Malfurion Stormrage","True"
"FP1_006","Deathcharger","False"
"CS2_101_H1","Reinforce","False"
"EX1_622","Shadow Word: Death","True"
"EX1_025t","Mechanical Dragonling","False"
"EX1_015","Novice Engineer","True"
"GVG_082","Clockwork Gnome","True"
"BRM_019","Grim Patron","True"
"AT_131","Eydis Darkbane","True"
"GVG_123","Soot Spewer","True"
"AT_100","Silver Hand Regent","True"
"NEW1_008a","Ancient Teachings","False"
"BRM_028","Emperor Thaurissan","True"
"AT_048","Healing Wave","True"
"EX1_608","Sorcerer's Apprentice","True"
"AT_076","Murloc Knight","True"
"CS2_075","Sinister Strike","True"
"AT_062","Ball of Spiders","True"
"XXX_095","AI Buddy - All Charge!","False"
"CS2_077","Sprint","True"
"CRED_36","Mike Donais","False"
"GVG_079","Force-Tank MAX","True"
"XXX_009e","Empty Enchant","False"
"AT_042t","Sabertooth Lion","False"
"AT_099","Kodorider","True"
"AT_043","Astral Communion","True"
"NEW1_026","Violet Teacher","True"
"CS2_222","Stormwind Champion","True"
"XXX_039","Become Hogger","False"
"AT_029e","Extra Stabby","False"
"NEW1_027","Southsea Captain","True"
"AT_020","Fearsome Doomguard","True"
"GVG_046","King of Beasts","True"
"AT_079","Mysterious Challenger","True"
"EX1_129","Fan of Knives","True"
"BRMA13_2","True Form","False"
"EX1_154","Wrath","True"
"TU4a_006","Jaina Proudmoore","False"
"CS2_009","Mark of the Wild","True"
"BRM_020e","Draconic Power","False"
"BRM_030t","Tail Swipe","False"
"TB_010","Deckbuilding Enchant","False"
"BRM_025","Volcanic Drake","True"
"FP1_005","Shade of Naxxramas","True"
"BRMA06_2H_TB","The Majordomo","False"
"EX1_596e","Demonfire","False"
"BRM_022","Dragon Egg","True"
"XXX_030","Opponent Disconnect","False"
"FP1_019","Poison Seeds","True"
"CRED_45","Jonas Laster","False"
"CRED_43","Jon Bankard","False"
"XXX_019","Molasses","False"
"CS2_024","Frostbolt","True"
"CRED_04","Steven Gabriel","False"
"HERO_05a","Alleria Windrunner","True"
"TB_006e","Big Banana","False"
"BRMA14_2H","Activate Arcanotron","False"
"NAX9_04","Sir Zeliek","False"
"BRMA17_4","LAVA!","False"
"BRMA04_2","Magma Pulse","False"
"NAX14_03","Frozen Champion","False"
"NEW1_029t","Kill Millhouse!","False"
"GVG_067a","Metabolized Magic","False"
"EX1_383","Tirion Fordring","True"
"HERO_03","Valeera Sanguinar","True"
"GVG_028t","Gallywix's Coin","False"
"BRMA13_7","Whirling Ash","False"
"CS2_127","Silverback Patriarch","True"
"BRM_031","Chromaggus","True"
"Mekka4t","Chicken","False"
"NAX9_01","Baron Rivendare","False"
"GVG_048e","Metal Teeth","False"
"AT_035t","Ambush!","False"
"EX1_246e","Hexxed","False"
"CRED_02","Eric Dodds","False"
"NAX8_02H_TB","Harvest","False"
"BRMA12_2","Brood Affliction","False"
"BRMA06_4","Flamewaker Acolyte","False"
"GVG_117","Gazlowe","True"
"GVG_037","Whirling Zap-o-matic","True"
"BRMA16_1H","Atramedes","False"
"CS2_226","Frostwolf Warlord","True"
"FP1_011","Webspinner","True"
"XXX_046","Force AI to Use Hero Power","False"
"GVG_027e","Ironed Out","False"
"BRM_004e","Twilight Endurance","False"
"NAX2_03","Rain of Fire","False"
"EX1_144","Shadowstep","True"
"BRMA16_1","Atramedes","False"
"EX1_158e","Soul of the Forest","False"
"AT_041","Knight of the Wild","True"
"NEW1_014","Master of Disguise","True"
"TU4f_005","Brewmaster","False"
"GVG_005","Echo of Medivh","True"
"EX1_277","Arcane Missiles","True"
"CS1_130","Holy Smite","True"
"FP1_015","Feugen","True"
"CRED_39","Ryan Chew","False"
"NEW1_019","Knife Juggler","True"
"EX1_006","Alarm-o-Bot","True"
"CS2_008","Moonfire","True"
"GVG_009","Shadowbomber","True"
"CS2_181e","Full Strength","False"
"EX1_057","Ancient Brewmaster","True"
"EX1_103","Coldlight Seer","True"
"AT_051","Elemental Destruction","True"
"NAX6_04","Sporeburst","False"
"EX1_294","Mirror Entity","True"
"NEW1_034","Huffer","False"
"BRMA05_3H","Living Bomb","False"
"XXX_002","Damage 5","False"
"EX1_549o","Bestial Wrath","False"
"NAX7_03H","Unbalancing Strike","False"
"GVG_060","Quartermaster","True"
"EX1_620","Molten Giant","True"
"AT_092","Ice Rager","True"
"CS2_038","Ancestral Spirit","True"
"EX1_625","Shadowform","True"
"NAX14_01H","Sapphiron","False"
"EX1_tk33","INFERNO!","False"
"DREAM_04","Dream","False"
"CRED_40","Ryan Masterson","False"
"GVG_014a","Shadowed","False"
"NAX2_03H","Rain of Fire","False"
"BRMA01_2","Pile On!","False"
"BRMC_95he","Core Hound Pup","False"
"TB_MechWar_Boss1","Annoy-o-Tron","False"
"CS2_073e2","Cold Blood","False"
"BRM_020","Dragonkin Sorcerer","True"
"XXX_057","Destroy Target Secrets","False"
"AT_033","Burgle","True"
"EX1_278","Shiv","True"
"EX1_001e","Warded","False"
"FP1_030e","Necrotic Aura","False"
"DS1_070o","Master's Presence","False"
"AT_127","Nexus-Champion Saraad","True"
"BRM_028e","Imperial Favor","False"
"CS2_172","Bloodfen Raptor","True"
"EX1_559","Archmage Antonidas","True"
"DS1_070","Houndmaster","True"
"AT_024","Demonfuse","True"
"BRMA14_3","Arcanotron","False"
"AT_018","Confessor Paletress","True"
"EX1_155be","Mark of Nature","False"
"EX1_164b","Nourish","False"
"EX1_363e","Blessing of Wisdom","False"
"CS2_046","Bloodlust","True"
"BRMA15_1","Maloriak","False"
"EX1_131","Defias Ringleader","True"
"CRED_19","Beomki Hong","False"
"EX1_008","Argent Squire","True"
"AT_132_ROGUE","Poisoned Daggers","False"
"EX1_522","Patient Assassin","True"
"EX1_083","Tinkmaster Overspark","True"
"NAX3_02","Web Wrap","False"
"EX1_021","Thrallmar Farseer","True"
"EX1_062","Old Murk-Eye","True"
"NAX5_01","Heigan the Unclean","False"
"NAX15_03n","Guardian of Icecrown","False"
"CS2_087e","Blessing of Might","False"
"BRMC_87","Moira Bronzebeard","False"
"EX1_137","Headcrack","True"
"EX1_046","Dark Iron Dwarf","True"
"TB_RandCardCost","TBRandomCardCost","False"
"CS2_108","Execute","True"
"NEW1_024","Captain Greenskin","True"
"BRMA09_1","Rend Blackhand","False"
"DREAM_01","Laughing Sister","False"
"CS1_113","Mind Control","True"
"NAX3_02_TB","Web Wrap","False"
"NAX10_01H","Patchwerk","False"
"AT_053","Ancestral Knowledge","True"
"GVG_010b","Velen's Chosen","False"
"CS2_017","Shapeshift","False"
"EX1_301","Felguard","True"
"AT_031","Cutpurse","True"
"AT_028","Shado-Pan Rider","True"
"AT_109e","Inspired","False"
"DREAM_02","Ysera Awakens","False"
"BRMA14_5H","Toxitron","False"
"NEW1_023","Faerie Dragon","True"
"PRO_001a","I Am Murloc","False"
"AT_088","Mogor's Champion","True"
"BRMA16_3e","Sonic Breath","False"
"BRMA03_3H","Moira Bronzebeard","False"
"NAX13_04H","Feugen","False"
"NAX15_01","Kel'Thuzad","False"
"BRMA06_2","The Majordomo","False"
"BRM_007","Gang Up","True"
"EX1_110t","Baine Bloodhoof","False"
"EX1_411e2","Needs Sharpening","False"
"TU4d_003","Shotgun Blast","False"
"NAX9_04H","Sir Zeliek","False"
"NAX1_03","Nerubian","False"
"BRM_014","Core Rager","True"
"FP1_020","Avenge","True"
"TBST_001","OLDN3wb Tank","False"
"CS2_011","Savage Roar","True"
"TU4e_002","Flames of Azzinoth","False"
"NEW1_038o","Growth","False"
"CS2_022","Polymorph","True"
"CS2_031","Ice Lance","True"
"AT_008","Coldarra Drake","True"
"GVG_022b","Tinker's Sharpsword Oil","False"
"NAX6_01H","Loatheb","False"
"EX1_025","Dragonling Mechanic","True"
"CS2_028","Blizzard","True"
"AT_037a","Living Roots","False"
"EX1_095","Gadgetzan Auctioneer","True"
"AT_014e","Shadowfiended","False"
"AT_082e","Training","False"
"GVG_064","Puddlestomper","True"
"EX1_603","Cruel Taskmaster","True"
"EX1_014","King Mukla","True"
"EX1_080o","Keeping Secrets","False"
"BRMA03_2","Power of the Firelord","False"
"CRED_22","Cameron Chrisman","False"
"XXX_005","Destroy","False"
"CS2_056","Life Tap","False"
"TU4f_001","Lorewalker Cho","False"
"NAX9_06","Unholy Shadow","False"
"BRMA15_1H","Maloriak","False"
"EX1_509e","Blarghghl","False"
"PRO_001b","Rogues Do It...","False"
"AT_084e","Equipped","False"
"EX1_573t","Treant","False"
"EX1_248","Feral Spirit","True"
"FP1_010","Maexxna","True"
"BRMA17_6","Bone Construct","False"
"NAX12_04","Enrage","False"
"EX1_349","Divine Favor","True"
"BRMA15_4","Aberration","False"
"CRED_29","Jason MacAllister","False"
"CS1_129","Inner Fire","True"
"EX1_048","Spellbreaker","True"
"NAX11_01H","Grobbulus","False"
"BRMA13_2H","True Form","False"
"AT_072","Varian Wrynn","True"
"EX1_173","Starfire","True"
"CRED_17","Rob Pardo","False"
"NAX6_02","Necrotic Aura","False"
"AT_089","Boneguard Lieutenant","True"
"BRMA17_3H","Onyxia","False"
"CS2_112","Arcanite Reaper","True"
"EX1_319","Flame Imp","True"
"EX1_606","Shield Block","True"
"BRMA16_3","Sonic Breath","False"
"GVG_071","Lost Tallstrider","True"
"CS2_101","Reinforce","False"
"TB_GreatCurves_01","TB_ClockworkCardDealer","False"
"AT_010","Ram Wrangler","True"
"BRMC_90","Living Lava","False"
"BRMA17_8H","Nefarian Strikes!","False"
"GVG_024","Cogmaster's Wrench","True"
"AT_021e","Felrage","False"
"EX1_604o","Berserk","False"
"EX1_603e","Whipped Into Shape","False"
"BRM_027pH","DIE, INSECTS!","False"
"AT_125","Icehowl","True"
"AT_038","Darnassus Aspirant","True"
"EX1_506a","Murloc Scout","False"
"EX1_134","SI:7 Agent","True"
"AT_030","Undercity Valiant","True"
"EX1_398","Arathi Weaponsmith","True"
"GVG_055e","Screwy Jank","False"
"FP1_003","Echoing Ooze","True"
"NAX15_01He","Interloper!","False"
"CS2_222o","Might of Stormwind","False"
"DS1_233","Mind Blast","True"
"GVG_109","Mini-Mage","True"
"BRMA09_4H","Blackwing","False"
"AT_027","Wilfred Fizzlebang","True"
"BRM_018e","Unchained!","False"
"BRMA12_9","Chromatic Dragonkin","False"
"EX1_244e","Totemic Might","False"
"CS2_050","Searing Totem","False"
"TBST_002","OLDN3wb Mage","False"
"EX1_tk9","Treant","False"
"AT_032","Shady Dealer","True"
"EX1_155","Mark of Nature","True"
"EX1_178ae","Rooted","False"
"BRMA09_2H","Open the Gates","False"
"GVG_097","Lil' Exorcist","True"
"BRMA01_4","Get 'em!","False"
"BRMC_92","Coren Direbrew","False"
"AT_116e","Bring it on!","False"
"GVG_030ae","Attack Mode","False"
"GVG_105","Piloted Sky Golem","True"
"BRMC_86","Atramedes","False"
"GVG_104a","HERE, TAKE BUFF.","False"
"EX1_029","Leper Gnome","True"
"AT_039e","Savage","False"
"GVG_022","Tinker's Sharpsword Oil","True"
"CS2_235","Northshire Cleric","True"
"GVG_043e","Glaivezooka","False"
"CRED_11","Jay Baxter","False"
"EX1_507e","Mrgglaargl!","False"
"BRMA16_4","Reverberating Gong","False"
"BRM_001","Solemn Vigil","True"
"EX1_043","Twilight Drake","True"
"EX1_010","Worgen Infiltrator","True"
"TU4f_004o","Legacy of the Emperor","False"
"XXX_056","Silence Destroy","False"
"NAX8_04","Unrelenting Warrior","False"
"FP1_002t","Spectral Spider","False"
"GVG_029","Ancestor's Call","True"
"BRMA10_3","The Rookery","False"
"BRMC_85","Lucifron","False"
"XXX_063","Destroy ALL Secrets","False"
"NEW1_041","Stampeding Kodo","True"
"GVG_062","Cobalt Guardian","True"
"XXX_051","Make Immune","False"
"CS2_141","Ironforge Rifleman","True"
"BRM_010t2","Druid of the Flame","False"
"CS2_005","Claw","True"
"GVG_100e","Brow Furrow","False"
"EX1_017","Jungle Panther","True"
"PART_003","Rusty Horn","False"
"GVG_053","Shieldmaiden","True"
"GVG_063a","Retribution","False"
"CS2_007","Healing Touch","True"
"NAX13_03e","Supercharged","False"
"BRM_024e","Large Talons","False"
"GVG_055","Screwjank Clunker","True"
"TU4e_007","Dual Warglaives","False"
"FP1_013","Kel'Thuzad","True"
"AT_047","Draenei Totemcarver","True"
"BRMC_93","Omnotron Defense System","False"
"NAX12_02","Decimate","False"
"AT_045e","Empowering Mist","False"
"AT_086e","Villainy","False"
"BRMA12_10","Mutation","False"
"BRMA07_1H","Highlord Omokk","False"
"GVG_089","Illuminator","True"
"CS2_233","Blade Flurry","True"
"AT_132_SHAMAN","Totemic Slam","False"
"CRED_05","Kyle Harrison","False"
"CS2_003","Mind Vision","True"
"GVG_103","Micro Machine","True"
"EX1_315","Summoning Portal","True"
"FP1_024","Unstable Ghoul","True"
"AT_102","Captured Jormungar","True"
"EX1_085","Mind Control Tech","True"
"AT_094","Flame Juggler","True"
"EX1_623e","Infusion","False"
"EX1_317t","Worthless Imp","False"
"EX1_363e2","Blessing of Wisdom","False"
"BRMC_97e","Burning Adrenaline","False"
"GVG_086e","Armor Plated","False"
"NEW1_009","Healing Totem","False"
"CS2_034_H1_AT_132","Fireblast Rank 2","False"
"GVG_030be","Tank Mode","False"
"NAX11_03","Fallout Slime","False"
"EX1_362","Argent Protector","True"
"EX1_089","Arcane Golem","True"
"EX1_finkle","Finkle Einhorn","False"
"GVG_060e","Well Equipped","False"
"EX1_624","Holy Fire","True"
"AT_086","Saboteur","True"
"CS2_026","Frost Nova","True"
"EX1_590e","Shadows of M'uru","False"
"BRMC_86e","I Hear You...","False"
"BRM_014e","Power Rager","False"
"GVG_039","Vitality Totem","True"
"BRMA12_4","Brood Affliction: Green","False"
"CS2_237","Starving Buzzard","True"
"BRMA03_1","Emperor Thaurissan","False"
"EX1_534","Savannah Highmane","True"
"NEW1_007b","Starfall","False"
"GVG_121","Clockwork Giant","True"
"GVG_034","Mech-Bear-Cat","True"
"TU4c_008","Will of Mukla","False"
"BRM_017","Resurrect","True"
"CRED_25","Elizabeth Cho","False"
"DREAM_05","Nightmare","False"
"BRMA14_4","Activate Toxitron","False"
"BRMA14_6","Activate Electron","False"
"EX1_169","Innervate","True"
"NEW1_029","Millhouse Manastorm","True"
"XXX_022","Free Cards","False"
"BRMA14_7","Electron","False"
"EX1_093","Defender of Argus","True"
"AT_132_ROGUEt","Poisoned Dagger","False"
"XXX_059","Destroy Hero's Stuff","False"
"NEW1_036e2","Commanding Shout","False"
"EX1_531","Scavenging Hyena","True"
"EX1_012","Bloodmage Thalnos","True"
"CS2_089","Holy Light","True"
"NAX7_01H","Instructor Razuvious","False"
"BRMA14_10","Activate!","False"
"NAX6_02H","Necrotic Aura","False"
"CS2_094","Hammer of Wrath","True"
"DS1_178","Tundra Rhino","True"
"AT_090","Mukla's Champion","True"
"AT_077e","Extra Poke","False"
"EX1_161","Naturalize","True"
"NAX10_02H","Hook","False"
"EX1_084e","Charge","False"
"NEW1_036e","Commanding Shout","False"
"BRM_002","Flamewaker","True"
"BRMA09_4Ht","Dragonkin","False"
"EX1_055o","Empowered","False"
"GAME_005e","The Coin","False"
"EX1_563","Malygos","True"
"CRED_28","He-Rim Woo","False"
"NAX4_01H","Noth the Plaguebringer","False"
"TB_EndlessMinions01","Endless Enchantment","False"
"AT_097","Tournament Attendee","True"
"FP1_007t","Nerubian","False"
"CRED_42","Tim Erskine","False"
"EX1_131t","Defias Bandit","False"
"AT_075","Warhorse Trainer","True"
"BRMA13_4_2_TB","Wild Magic","False"
"NEW1_003","Sacrificial Pact","True"
"EX1_tk29","Devilsaur","False"
"AT_006","Dalaran Aspirant","True"
"TU4b_001","Millhouse Manastorm","False"
"XXX_027","Server Crash","False"
"EX1_160a","Summon a Panther","False"
"CS2_103","Charge","True"
"EX1_tk11","Spirit Wolf","False"
"EX1_396","Mogu'shan Warden","True"
"BRMA15_2He","Potion of Might","False"
"XXX_022e","Free Cards","False"
"EX1_570","Bite","True"
"CRED_13","Brian Schwab","False"
"AT_074","Seal of Champions","True"
"XXX_041","Destroy Hero Power","False"
"CS2_053","Far Sight","True"
"BRM_009","Volcanic Lumberer","True"
"XXX_060","Damage All","False"
"EX1_128e","Concealed","False"
"NAX7_03","Unbalancing Strike","False"
"EX1_055","Mana Addict","True"
"AT_089e","Boneguarded","False"
"BRMA15_2H","The Alchemist","False"
"TU4c_001","King Mukla","False"
"EX1_130a","Defender","False"
"EX1_371","Hand of Protection","True"
"BRMA01_1H","Coren Direbrew","False"
"AT_087","Argent Horserider","True"
"GVG_049","Gahz'rilla","True"
"AT_068e","Bolstered","False"
"EX1_250","Earth Elemental","True"
"EX1_533","Misdirection","True"
"EX1_019","Shattered Sun Cleric","True"
"CS2_083e","Sharpened","False"
"AT_109","Argent Watchman","True"
"EX1_557","Nat Pagle","True"
"EX1_166b","Dispel","False"
"BRMA12_5H","Brood Affliction: Blue","False"
"EX1_100","Lorewalker Cho","True"
"NAX15_04a","Slave of Kel'Thuzad","False"
"GVG_044","Spider Tank","True"
"GVG_019","Demonheart","True"
"TB_013","Player Choice Enchant","False"
"AT_084","Lance Carrier","True"
"BRMA02_2_2_TB","Jeering Crowd","False"
"XXX_043","Mill 30","False"
"NAX5_01H","Heigan the Unclean","False"
"TBA01_4","Nefarian","False"
"AT_081","Eadric the Pure","True"
"AT_106","Light's Champion","True"
"NAX2_05","Worshipper","False"
"NAX12_02e","Decimate","False"
"BRMA16_2H","Echolocate","False"
"TU4a_005","Massive Gnoll","False"
"XXX_008","Freeze","False"
"EX1_613e","VanCleef's Vengeance","False"
"AT_073e","Competitive Spirit","False"
"NEW1_033o","Eye In The Sky","False"
"EX1_506","Murloc Tidehunter","True"
"EX1_617","Deadly Shot","True"
"NEW1_025","Bloodsail Corsair","True"
"DS1_178e","Charge","False"
"NAX6_03te","Fungal Growth","False"
"NAX7_05","Mind Control Crystal","False"
"NEW1_026t","Violet Apprentice","False"
"CS2_104","Rampage","True"
"EX1_578","Savagery","True"
"XXX_045","Steal Card","False"
"NEW1_037","Master Swordsmith","True"
"NAX4_03","Skeleton","False"
"AT_001","Flame Lance","True"
"BRMA16_5","Dragonteeth","False"
"GAME_005","The Coin","False"
"HERO_01","Garrosh Hellscream","True"
"EX1_005","Big Game Hunter","True"
"EX1_409","Upgrade!","True"
"EX1_004e","Elune's Grace","False"
"EX1_096","Loot Hoarder","True"
"TU4a_002","Riverpaw Gnoll","False"
"EX1_165a","Cat Form","False"
"NEW1_007","Starfall","True"
"AT_083","Dragonhawk Rider","True"
"EX1_084","Warsong Commander","True"
"EX1_116t","Whelp","False"
"EX1_245","Earth Shock","True"
"BRMA02_1H","High Justice Grimstone","False"
"GVG_006","Mechwarper","True"
"CS2_045","Rockbiter Weapon","True"
"NEW1_004","Vanish","True"
"AT_119","Kvaldir Raider","True"
"EX1_366","Sword of Justice","True"
"CS2_041","Ancestral Healing","True"
"BRMA01_2H_2_TB","Pile On!!!","False"
"FP1_019t","Treant","False"
"NAX10_01","Patchwerk","False"
"AT_066","Orgrimmar Aspirant","True"
"GVG_020","Fel Cannon","True"
"AT_132_PRIEST","Heal","False"
"CS2_046e","Bloodlust","False"
"CS2_004e","Power Word: Shield","False"
"EX1_002","The Black Knight","True"
"BRMA17_5H","Bone Minions","False"
"AT_058","King's Elekk","True"
"AT_115","Fencing Coach","True"
"BRMA10_6e","Blind With Rage","False"
"BRMA11_3","Burning Adrenaline","False"
"FP1_002","Haunted Creeper","True"
"TU4c_006e","Bananas","False"
"BRMA01_4t","Guzzler","False"
"CRED_16","Hamilton Chu","False"
"AT_116","Wyrmrest Agent","True"
"BRMA08_2","Intense Gaze","False"
"GVG_028","Trade Prince Gallywix","True"
"EX1_543","King Krush","True"
"CS2_146","Southsea Deckhand","True"
"EX1_565","Flametongue Totem","True"
"FP1_009","Deathlord","True"
"GVG_102e","Might of Tinkertown","False"
"AT_041e","Call of the Wild","False"
"GVG_033","Tree of Life","True"
"AT_065e","King's Defender","False"
"EX1_354","Lay on Hands","True"
"EX1_544","Flare","True"
"EX1_534t","Hyena","False"
"TB_006","Big Banana","False"
"AT_132_DRUID","Dire Shapeshift","False"
"GVG_008","Lightbomb","True"
"NAX15_03t","Guardian of Icecrown","False"
"BRMA13_4H","Wild Magic","False"
"GVG_023a","Extra Sharp","False"
"TB_RandHero2_001","TB_EnchWhosTheBossNow","False"
"GVG_045t","Imp","False"
"EX1_158","Soul of the Forest","True"
"TB_001","Boss HP Swapper","False"
"CRED_30","JC Park","False"
"PART_007","Whirling Blades","False"
"EX1_591","Auchenai Soulpriest","True"
"BRMA12_8","Chromatic Mutation","False"
"GVG_057","Seal of Light","True"
"GVG_036","Powermace","True"
"EX1_259","Lightning Storm","True"
"NEW1_033","Leokk","False"
"CS2_017o","Claws","False"
"CRED_18","Becca Abel","False"
"NAX2_01H","Grand Widow Faerlina","False"
"PART_002","Time Rewinder","False"
"EX1_295o","Ice Block","False"
"EX1_045","Ancient Watcher","True"
"EX1_531e","Well Fed","False"
"PART_001e","Armor Plating","False"
"AT_007","Spellslinger","True"
"CS2_221e","Sharp!","False"
"AT_013","Power Word: Glory","True"
"BRMA03_1H","Emperor Thaurissan","False"
"NAX9_01H","Baron Rivendare","False"
"TB_009","Create 15 Secrets","False"
"CRED_03","Bob Fitch","False"
"AT_132_HUNTER","Ballista Shot","False"
"AT_132_PALADIN","The Silver Hand","False"
"EX1_604","Frothing Berserker","True"
"TU4e_002t","Flame of Azzinoth","False"
"EX1_001","Lightwarden","True"
"XXX_052","Grant Mega-Windfury","False"
"AT_037","Living Roots","True"
"EX1_274e","Raw Power!","False"
"CS2_097","Truesilver Champion","True"
"tt_004","Flesheating Ghoul","True"
"AT_132_DRUIDe","Dire Claws","False"
"EX1_572","Ysera","True"
"GVG_011a","Shrink Ray","False"
"EX1_556","Harvest Golem","True"
"NAX9_07","Mark of the Horsemen","False"
"GVG_095","Goblin Sapper","True"
"EX1_558","Harrison Jones","True"
"PART_004e","Cloaked","False"
"CS2_092e","Blessing of Kings","False"
"NAX6_03t","Spore","False"
"NAX7_02","Understudy","False"
"CS2_227","Venture Co. Mercenary","True"
"BRM_027p","DIE, INSECT!","False"
"CS2_087","Blessing of Might","True"
"AT_025","Dark Bargain","True"
"CS2_101t","Silver Hand Recruit","False"
"XXX_047","Destroy Deck","False"
"BRMA01_1","Coren Direbrew","False"
"AT_004","Arcane Blast","True"
"EX1_407","Brawl","True"
"EX1_623","Temple Enforcer","True"
"NEW1_027e","Yarrr!","False"
"BRMA14_10H","Activate!","False"
"NEW1_036","Commanding Shout","True"
"EX1_076","Pint-Sized Summoner","True"
"CS2_mirror","Mirror Image","False"
"NAX8_03","Unrelenting Trainee","False"
"BRMA13_4","Wild Magic","False"
"CS2_051","Stoneclaw Totem","False"
"GVG_084","Flying Machine","True"
"BRMA12_1H","Chromaggus","False"
"AT_039","Savage Combatant","True"
"CS2_114","Cleave","True"
"CS2_034_H1","Fireblast","False"
"BRMC_100e","Living Bomb","False"
"CS2_236e","Divine Spirit","False"
"NEW1_040t","Gnoll","False"
"TBA01_1","Ragnaros the Firelord","False"
"CS2_197","Ogre Magi","True"
"GVG_096","Piloted Shredder","True"
"GVG_014","Vol'jin","True"
"XXX_017","Draw 3 Cards","False"
"GVG_068a","Metabolized Magic","False"
"CS2_027","Mirror Image","True"
"EX1_611e","Trapped","False"
"EX1_581","Sap","True"
"EX1_341","Lightwell","True"
"EX1_298","Ragnaros the Firelord","True"
"XXX_096","AI Buddy - Damage Own Hero 5","False"
"CRED_21","Bryan Chang","False"
"EX1_625t","Mind Spike","False"
"EX1_586","Sea Giant","True"
"GVG_015","Darkbomb","True"
"BRM_033","Blackwing Technician","True"
"CS2_121","Frostwolf Grunt","True"
"EX1_059e","Experiments!","False"
"TBA01_5","Wild Magic","False"
"CS2_187","Booty Bay Bodyguard","True"
"NAX8_03t","Spectral Trainee","False"
"BRMA09_5H","Dismount","False"
"XXX_014","Mill 10","False"
"TB_MechWar_Boss1_HeroPower","Hello! Hello! Hello!","False"
"PART_006","Reversing Switch","False"
"AT_069","Sparring Partner","True"
"AT_096e","Wound Up","False"
"CS2_032","Flamestrike","True"
"GVG_100","Floating Watcher","True"
"Mekka4","Poultryizer","False"
"EX1_166a","Moonfire","False"
"CS2_188","Abusive Sergeant","True"
"TB_MechWar_Boss2","Boom Bot","False"
"NEW1_007a","Starfall","False"
"BRMA12_1","Chromaggus","False"
"EX1_323","Lord Jaraxxus","True"
"EX1_383t","Ashbringer","False"
"CS2_103e2","Charge","False"
"EX1_379e","Repentance","False"
"CRED_09","Ben Thompson","False"
"NAX9_03H","Thane Korth'azz","False"
"NAX15_04","Chains","False"
"EX1_312","Twisting Nether","True"
"GVG_047","Sabotage","True"
"NEW1_020","Wild Pyromancer","True"
"TU4e_004","Warglaive of Azzinoth","False"
"BRMA07_2H","ME SMASH","False"
"XXX_054e","Weapon Buff Enchant","False"
"BRM_001e","Melt","False"
"CS2_102","Armor Up!","False"
"BRMA09_5t","Gyth","False"
"EX1_014t","Bananas","False"
"NAX3_01","Maexxna","False"
"GVG_050","Bouncing Blade","True"
"AT_111","Refreshment Vendor","True"
"NAX4_01","Noth the Plaguebringer","False"
"BRM_004t","Whelp","False"
"BRMA05_3","Living Bomb","False"
"PART_007e","Whirling Blades","False"
"NAX9_02","Lady Blaumeux","False"
"AT_070","Skycap'n Kragg","True"
"CS2_063","Corruption","True"
"GVG_077","Anima Golem","True"
"EX1_044e","Level Up!","False"
"AT_108","Armored Warhorse","True"
"EX1_164","Nourish","True"
"NEW1_025e","Bolstered","False"
"AT_115e","Fencing Practice","False"
"NAX15_04H","Chains","False"
"TU4a_004","Hogger SMASH!","False"
"BRMA17_2","Nefarian","False"
"AT_016","Confuse","True"
"GVG_025","One-eyed Cheat","True"
"GVG_030","Anodized Robo Cub","True"
"GVG_088","Ogre Ninja","True"
"NAX1_04","Skitter","False"
"TB_RMC_001","TB_EnchRandomManaCost","False"
"BRMA12_8t","Chromatic Dragonkin","False"
"EX1_562","Onyxia","True"
"EX1_573b","Shan'do's Lesson","False"
"AT_042b","Panther Form","False"
"BRMA14_5","Toxitron","False"
"GVG_108","Recombobulator","True"
"CS2_232","Ironbark Protector","True"
"AT_044","Mulch","True"
"CRED_34","Max Ma","False"
"EX1_536e","Upgraded","False"
"CS2_104e","Rampage","False"
"GVG_046e","The King","False"
"CS2_105e","Heroic Strike","False"
"CRED_14","Yong Woo","False"
"GVG_032","Grove Tender","True"
"XXX_012","Bounce","False"
"GAME_006","NOOOOOOOOOOOO","False"
"EX1_080","Secretkeeper","True"
"GVG_041b","Dark Wispers","False"
"DS1h_292_H1","Steady Shot","False"
"PRO_001c","Power of the Horde","False"
"TBUD_1","TBUD Summon Early Minion","False"
"NAX14_04","Pure Cold","False"
"BRMA13_1H","Lord Victor Nefarius","False"
"hexfrog","Frog","False"
"TU4c_005","Hidden Gnome","False"
"NAX8_01","Gothik the Harvester","False"
"AT_081e","Purified","False"
"XXX_062","Armor 5","False"
"BRMA14_2","Activate Arcanotron","False"
"NAX11_02H_2_TB","Poison Cloud","False"
"FP1_018","Duplicate","True"
"CS2_074","Deadly Poison","True"
"AT_129","Fjola Lightbane","True"
"BRM_012","Fireguard Destroyer","True"
"BRMA02_2H","Jeering Crowd","False"
"TB_007","Deviate Banana","False"
"NEW1_018","Bloodsail Raider","True"
"BRMA12_6H","Brood Affliction: Black","False"
"CS2_196","Razorfen Hunter","True"
"CS2_122","Raid Leader","True"
"EX1_154a","Wrath","False"
"BRMC_89","Whirling Ash","False"
"EX1_539","Kill Command","True"
"CS2_181","Injured Blademaster","True"
"CRED_15","Andy Brock","False"
"BRMA14_10H_TB","Activate!","False"
"CS2_226e","Frostwolf Banner","False"
"XXX_009","Enchant","False"
"BRMC_97","Vaelastrasz","False"
"EX1_537","Explosive Shot","True"
"GVG_110t","Boom Bot","False"
"CS2_033","Water Elemental","True"
"CS2_083b","Dagger Mastery","False"
"CS2_236","Divine Spirit","True"
"CS2_117","Earthen Ring Farseer","True"
"AT_035","Beneath the Grounds","True"
"NEW1_022","Dread Corsair","True"
"NAX7_04","Massive Runeblade","False"
"EX1_132","Eye for an Eye","True"
"AT_120","Frost Giant","True"
"BRM_010","Druid of the Flame","True"
"BRMA05_1","Baron Geddon","False"
"BRMA16_5e","I hear you...","False"
"NAX13_02","Polarity Shift","False"
"BRM_006","Imp Gang Boss","True"
"EX1_619","Equality","True"
"CS2_064","Dread Infernal","True"
"BRM_016","Axe Flinger","True"
"CS2_tk1","Sheep","False"
"CS2_147","Gnomish Inventor","True"
"BRMA17_5","Bone Minions","False"
"GVG_090","Madder Bomber","True"
"BRMC_95h","Core Hound Puppies","False"
"FP1_029","Dancing Swords","True"
"XXX_055","1000 Stats","False"
"GVG_066","Dunemaul Shaman","True"
"GVG_043","Glaivezooka","True"
"CS2_080","Assassin's Blade","True"
"XXX_028","Reveal Hand","False"
"EX1_411","Gorehowl","True"
"GVG_107","Enhance-o Mechano","True"
"FP1_023","Dark Cultist","True"
"EX1_310","Doomguard","True"
"CS1_042","Goldshire Footman","True"
"TBST_004","OLDLegit Healer","False"
"AT_034","Poisoned Blade","True"
"BRMA15_3","Release the Aberrations!","False"
"AT_117e","Ceremony","False"
"GVG_013","Cogmaster","True"
"NAX6_03","Deathbloom","False"
"CRED_20","Brian Birmingham","False"
"CS2_221","Spiteful Smith","True"
"NAX9_07e","Mark of the Horsemen","False"
"EX1_160","Power of the Wild","True"
"BRMC_91","Son of the Flame","False"
"EX1_028","Stranglethorn Tiger","True"
"PRO_001","Elite Tauren Chieftain","True"
"GVG_040","Siltfin Spiritwalker","True"
"BRMA06_3H","Ragnaros the Firelord","False"
"CS2_072","Backstab","True"
"NAX12_03e","Extra Teeth","False"
"EX1_011","Voodoo Doctor","True"
"CS2_023","Arcane Intellect","True"
"NAX15_01H","Kel'Thuzad","False"
"BRMA08_3","Drakkisath's Command","False"
"EX1_355e","Blessed Champion","False"
"CS2_173","Bluegill Warrior","True"
"AT_027e","Master Summoner","False"
"EX1_158t","Treant","False"
"BRMA14_7H","Electron","False"
"BRMA09_2t","Whelp","False"
"AT_069e","Training Complete","False"
"BRMA17_3","Onyxia","False"
"BRMC_83","Open the Gates","False"
"EX1_304","Void Terror","True"
"NEW1_030","Deathwing","True"
"CS1_112","Holy Nova","True"
"XXX_058e","Weapon Nerf Enchant","False"
"GVG_012","Light of the Naaru","True"
"GVG_078","Mechanical Yeti","True"
"AT_118","Grand Crusader","True"
"PlaceholderCard","Placeholder Card","False"
"CS2_151","Silver Hand Knight","True"
"BRM_011t","Lava Shock","False"
"GAME_003e","Coin's Vengence","False"
"CS2_201","Core Hound","True"
"AT_049e","Power of the Bluff","False"
"BRM_027","Majordomo Executus","True"
"AT_003","Fallen Hero","True"
"BRMC_98e","Dragonlust","False"
"FP1_023e","Power of the Ziggurat","False"
"NAX8_02H","Harvest","False"
"CS2_039","Windfury","True"
"BRMA13_3","Nefarian","False"
"EX1_597","Imp Master","True"
"EX1_409t","Heavy Axe","False"
"GVG_110","Dr. Boom","True"
"BRMA05_2H","Ignite Mana","False"
"EX1_323w","Blood Fury","False"
"AT_071","Alexstrasza's Champion","True"
"AT_050t","Lightning Jolt","False"
"AT_103","North Sea Kraken","True"
"skele11","Skeleton","False"
"GVG_057a","Seal of Light","False"
"EX1_594","Vaporize","True"
"EX1_160b","Leader of the Pack","False"
"GVG_017","Call Pet","True"
"CS2_049","Totemic Call","False"
"FP1_005e","Consume","False"
"GVG_093","Target Dummy","True"
"GVG_106","Junkbot","True"
"XXX_023","Destroy All Heroes","False"
"PART_001","Armor Plating","False"
"EX1_590","Blood Knight","True"
"EX1_287","Counterspell","True"
"XXX_054","Weapon Buff","False"
"HERO_09","Anduin Wrynn","True"
"EX1_136","Redemption","True"
"AT_042a","Lion Form","False"
"GVG_054","Ogre Warmaul","True"
"EX1_009","Angry Chicken","True"
"BRMA14_1H","Omnotron Defense System","False"
"XXX_026","Enable Emotes","False"
"NAX11_04e","Mutating Injection","False"
"TB_014","Choose a New Card!","False"
"DS1_183","Multi-Shot","True"
"CRED_38","Robin Fredericksen","False"
"XXX_098","AI Buddy - No Deck/Hand","False"
"BRM_033e","Dragon Blood","False"
"NEW1_011","Kor'kron Elite","True"
"EX1_tk28","Squirrel","False"
"AT_061","Lock and Load","True"
"GVG_021e","Grasp of Mal'Ganis","False"
"BRMA09_2Ht","Whelp","False"
"CS2_186","War Golem","True"
"CS2_131","Stormwind Knight","True"
"AT_132","Justicar Trueheart","True"
"CS2_059o","Blood Pact","False"
"AT_042","Druid of the Saber","True"
"AT_034e","Laced","False"
"CS2_041e","Ancestral Infusion","False"
"TB_015","Pirate","False"
"AT_105","Injured Kvaldir","True"
"BRMC_88","Drakonid Slayer","False"
"EX1_313","Pit Lord","True"
"EX1_067","Argent Commander","True"
"EX1_595","Cult Master","True"
"CS2_045e","Rockbiter Weapon","False"
"GVG_059","Coghammer","True"
"HERO_02","Thrall","True"
"GVG_031","Recycle","True"
"TB_MechWar_CommonCards","TBMechWarCommonCards","False"
"AT_128","The Skeleton Knight","True"
"EX1_124","Eviscerate","True"
"NAX12_01H","Gluth","False"
"CS2_182","Chillwind Yeti","True"
"NAX15_02H","Frost Blast","False"
"EX1_567","Doomhammer","True"
"CS2_059","Blood Imp","True"
"EX1_170","Emperor Cobra","True"
"FP1_020e","Vengeance","False"
"GVG_087","Steamwheedle Sniper","True"
"EX1_414","Grommash Hellscream","True"
"EX1_178be","Uprooted","False"
"EX1_399e","Berserking","False"
"DREAM_05e","Nightmare","False"
"EX1_133","Perdition's Blade","True"
"BRMA09_6","The True Warchief","False"
"BRMA13_5","Son of the Flame","False"
"BRMA02_2","Jeering Crowd","False"
"EX1_614t","Flame of Azzinoth","False"
"BRMA04_1","Garr","False"
"EX1_160be","Leader of the Pack","False"
"EX1_398t","Battle Axe","False"
"BRMA05_3He","Living Bomb","False"
"DS1_188","Gladiator's Longbow","True"
"CRED_46","Keith Landes","False"
"BRMC_94","Sulfuras","False"
"TU4f_007","Crazy Monkey","False"
"FP1_031","Baron Rivendare","True"
"NAX15_01e","Interloper!","False"
"CS2_234","Shadow Word: Pain","True"
"BRMA14_8H","Activate Magmatron","False"
"GVG_076","Explosive Sheep","True"
"GVG_068","Burly Rockjaw Trogg","True"
"BRMA06_4H","Flamewaker Acolyte","False"
"NEW1_008b","Ancient Secrets","False"
"NAX5_03","Mindpocalypse","False"
"EX1_536","Eaglehorn Bow","True"
"BRM_027h","Ragnaros the Firelord","False"
"EX1_561e","Alexstrasza's Fire","False"
"TB_010e","Choose One of Three","False"
"BRMA07_2_2c_TB","ME SMASH","False"
"GVG_041a","Dark Wispers","False"
"FP1_001","Zombie Chow","True"
"FP1_026","Anub'ar Ambusher","True"
"EX1_238","Lightning Bolt","True"
"CS1_113e","Mind Control","False"
"EX1_607e","Inner Rage","False"
"AT_036","Anub'arak","True"
"EX1_128","Conceal","True"
"FP1_025","Reincarnate","True"
"NAX1h_01","Anub'Rekhan","False"
"GVG_016","Fel Reaver","True"
"NAX3_03","Necrotic Poison","False"
"CS2_boar","Boar","False"
"BRMA09_4t","Dragonkin","False"
"AT_011e","Light's Blessing","False"
"GVG_072","Shadowboxer","True"
"NAX13_02e","Polarity","False"
"BRMA07_2","ME SMASH","False"
"GVG_065","Ogre Brute","True"
"AT_077","Argent Lance","True"
"GVG_052","Crush","True"
"AT_005","Polymorph: Boar","True"
"AT_101","Pit Fighter","True"
"NAX8_04t","Spectral Warrior","False"
"NAX5_02H","Eruption","False"
"EX1_355","Blessed Champion","True"
"TU4a_003","Gnoll","False"
"AT_065","King's Defender","True"
"EX1_155a","Mark of Nature","False"
"TU4c_006","Bananas","False"
"TBST_005","OLDPvP Rogue","False"
"XXX_021","Restore All Health","False"
"EX1_345t","Shadow of Nothing","False"
"EX1_382","Aldor Peacekeeper","True"
"BRMA17_9","Onyxiclaw","False"
"EX1_399","Gurubashi Berserker","True"
"EX1_166","Keeper of the Grove","True"
"CS2_084e","Hunter's Mark","False"
"AT_096","Clockwork Knight","True"
"BRM_003","Dragon's Breath","True"
"AT_029","Buccaneer","True"
"CS2_091","Light's Justice","True"
"AT_132_SHAMANa","Healing Totem","False"
"BRMA13_1","Lord Victor Nefarius","False"
"BRMA10_3H","The Rookery","False"
"GVG_049e","Might of Zul'Farrak","False"
"BRMA14_4H","Activate Toxitron","False"
"EX1_126","Betrayal","True"
"CRED_41","Seyil Yoon","False"
"AT_132_WARLOCK","Soul Tap","False"
"EX1_613","Edwin VanCleef","True"
"AT_085","Maiden of the Lake","True"
"EX1_033","Windfury Harpy","True"
"TB_MechWar_Boss2_HeroPower","Boom Bot Jr.","False"
"GVG_092","Gnomish Experimenter","True"
"EX1_165b","Bear Form","False"
"BRM_034","Blackwing Corruptor","True"
"AT_117","Master of Ceremonies","True"
"CS2_063e","Corruption","False"
"AT_014","Shadowfiend","True"
"BRMA07_2_2_TB","ME SMASH","False"
"XXX_058","Weapon Nerf","False"
"NEW1_018e","Treasure Crazed","False"
"BRMA14_12","Magmaw","False"
"TU4f_006o","Transcendence","False"
"NEW1_021","Doomsayer","True"
"NEW1_032","Misha","False"
"CS2_122e","Enhanced","False"
"GVG_030a","Attack Mode","False"
"GVG_101e","Pure","False"
"AT_052","Totem Golem","True"
"GVG_021","Mal'Ganis","True"
"CS2_009e","Mark of the Wild","False"
"TU4d_002","Crazed Hunter","False"
"Mekka1","Homing Chicken","False"
"EX1_304e","Consume","False"
"TU4e_001","Illidan Stormrage","False"
"PART_005","Emergency Coolant","False"
"EX1_145o","Preparation","False"
"CS2_189","Elven Archer","True"
"CRED_06","Derek Sakamoto","False"
"CS2_150","Stormpike Commando","True"
"CS2_011o","Savage Roar","False"
"GVG_111t","V-07-TR-0N","False"
"EX1_110","Cairne Bloodhoof","True"
"GVG_070","Salty Dog","True"
"TU4c_002","Barrel Toss","False"
"AT_098","Sideshow Spelleater","True"
"NAX1h_03","Nerubian","False"
"BRMC_98","Razorgore","False"
"EX1_162o","Strength of the Pack","False"
"AT_071e","Alexstrasza's Boon","False"
"GVG_058","Shielded Minibot","True"
"NAX2_01","Grand Widow Faerlina","False"
"EX1_573","Cenarius","True"
"CS2_093","Consecration","True"
"XXX_011","Summon a random Secret","False"
"NAX10_02","Hook","False"
"BRMA10_4","Corrupted Egg","False"
"CS2_025","Arcane Explosion","True"
"EX1_616","Mana Wraith","True"
"GVG_026","Feign Death","True"
"EX1_573ae","Demigod's Favor","False"
"EX1_258e","Overloading","False"
"EX1_393","Amani Berserker","True"
"AT_024e","Dark Fusion","False"
"TB_011","Tarnished Coin","False"
"AT_056","Powershot","True"
"CS2_088","Guardian of Kings","True"
"BRM_026","Hungry Dragon","True"
"CRED_10","Michael Schweitzer","False"
"AT_132_MAGE","Fireblast Rank 2","False"
"BRMA02_2t","Dark Iron Spectator","False"
"EX1_246","Hex","True"
"BRMA17_5_TB","Bone Minions","False"
"BRMA09_4","Blackwing","False"
"GVG_112","Mogor the Ogre","True"
"GVG_081","Gilblin Stalker","True"
"FP1_014t","Thaddius","False"
"BRMA14_11","Recharge","False"
"AT_110","Coliseum Manager","True"
"EX1_612o","Power of the Kirin Tor","False"
"AT_023","Void Crusher","True"
"BRMA07_1","Highlord Omokk","False"
"AT_037t","Sapling","False"
"AT_132_SHAMANb","Searing Totem","False"
"TU4f_004","Legacy of the Emperor","False"
"NEW1_017","Hungry Crab","True"
"DS1h_292","Steady Shot","False"
"GVG_123e","Overclocked","False"
"AT_037b","Living Roots","False"
"NEW1_012","Mana Wyrm","True"
"EX1_289","Ice Barrier","True"
"BRMA09_1H","Rend Blackhand","False"
"BRMA17_6H","Bone Construct","False"
"EX1_032","Sunwalker","True"
"NAX8_05","Unrelenting Rider","False"
"EX1_105","Mountain Giant","True"
"XXX_006","Break Weapon","False"
"EX1_043e","Hour of Twilight","False"
"AT_050","Charged Hammer","True"
"CRED_35","Max McCall","False"
"NAXM_001","Necroknight","False"
"NAX9_02H","Lady Blaumeux","False"
"TU4c_008e","Might of Mukla","False"
"DREAM_03","Emerald Drake","False"
"BRMA02_1","High Justice Grimstone","False"
"AT_124","Bolf Ramshield","True"
"GVG_085","Annoy-o-Tron","True"
"AT_017","Twilight Guardian","True"
"EX1_145","Preparation","True"
"GVG_113","Foe Reaper 4000","True"
"EX1_334","Shadow Madness","True"
"NAX1h_04","Skitter","False"
"BRMA04_4","Rock Out","False"
"AT_122","Gormok the Impaler","True"
"BRMA10_1H","Razorgore the Untamed","False"
"NAX12_03H","Jaws","False"
"XXX_007","Enable for Attack","False"
"EX1_332","Silence","True"
"EX1_561","Alexstrasza","True"
"EX1_549","Bestial Wrath","True"
"GVG_120","Hemet Nesingwary","True"
"BRMA09_2_TB","Open the Gates","False"
"AT_045ee","Mistcaller Deck Ench","False"
"AT_080","Garrison Commander","True"
"CRED_23","Christopher Yim","False"
"CS2_231","Wisp","True"
"FP1_017","Nerub'ar Weblord","True"
"BRMA11_2","Essence of the Red","False"
"CS2_200","Boulderfist Ogre","True"
"TBST_006","OLDTBST Push Common Card","False"
"AT_095","Silent Knight","True"
"EX1_538t","Hound","False"
"BRMA10_6","Razorgore's Claws","False"
"DS1_175o","Furious Howl","False"
"tt_004o","Cannibalize","False"
"GVG_038","Crackle","True"
"CRED_32","Jerry Mascho","False"
"GVG_056t","Burrowing Mine","False"
"GVG_075","Ship's Cannon","True"
"BRMA08_1","General Drakkisath","False"
"BRMA09_5","Dismount","False"
"GVG_076a","Pistons","False"
"EX1_508","Grimscale Oracle","True"
"NEW1_017e","Full Belly","False"
"CS2_092","Blessing of Kings","True"
"CS2_004","Power Word: Shield","True"
"FP1_022","Voidcaller","True"
"CRED_07","Zwick","False"
"FP1_008","Spectral Knight","True"
"CRED_44","Walter Kong","False"
"BRM_013","Quick Shot","True"
"CS2_057","Shadow Bolt","True"
"EX1_178b","Uproot","False"
"AT_021","Tiny Knight of Evil","True"
"EX1_302","Mortal Coil","True"
"GVG_122","Wee Spellstopper","True"
"GVG_063","Bolvar Fordragon","True"
"TU4f_002","Pandaren Scout","False"
"BRMA14_9H","Magmatron","False"
"BRMA05_2","Ignite Mana","False"
"AT_066e","Forges of Orgrimmar","False"
"EX1_309","Siphon Soul","True"
"HERO_08a","Medivh","True"
"BRMA12_2H","Brood Affliction","False"
"AT_121","Crowd Favorite","True"
"AT_057o","Groomed","False"
"EX1_405","Shieldbearer","True"
"EX1_004","Young Priestess","True"
"FP1_007","Nerubian Egg","True"
"NAX11_04","Mutating Injection","False"
"GVG_080t","Druid of the Fang","False"
"GVG_119","Blingtron 3000","True"
"CS2_038e","Ancestral Spirit","False"
"BRMA14_6H","Activate Electron","False"
"EX1_283","Frost Elemental","True"
"CS2_102_H1","Armor Up!","False"
"AT_104","Tuskarr Jouster","True"
"FP1_028e","Darkness Calls","False"
"GVG_098","Gnomeregan Infantry","True"
"FP1_004","Mad Scientist","True"
"EX1_244","Totemic Might","True"
"BRMA10_3e","Incubation","False"
"BRMA05_1H","Baron Geddon","False"
"CS2_053e","Far Sight","False"
"TB_007e","Deviate Switch","False"
"XXX_097","AI Buddy - Destroy Minions","False"
"EX1_112","Gelbin Mekkatorque","True"
"EX1_007","Acolyte of Pain","True"
"EX1_409e","Upgraded","False"
"CS2_076","Assassinate","True"
"CS2_012","Swipe","True"
"TU4c_004","Stomp","False"
"XXX_053","Armor 100","False"
"BRMA09_3","Old Horde","False"
"HERO_05","Rexxar","True"
"CS2_118","Magma Rager","True"
"GVG_003","Unstable Portal","True"
"BRMA14_8","Activate Magmatron","False"
"DS1_185","Arcane Shot","True"
"CS2_171","Stonetusk Boar","True"
"EX1_596","Demonfire","True"
"EX1_066","Acidic Swamp Ooze","True"
"XXX_061","Armor 1","False"
"EX1_284","Azure Drake","True"
"BRMA11_1H","Vaelastrasz the Corrupt","False"
"EX1_306","Succubus","True"
"NAX14_02","Frost Breath","False"
"CS2_152","Squire","False"
"EX1_251","Forked Lightning","True"
"CRED_12","Rachelle Davis","False"
"GVG_115","Toshley","True"
"BRMA10_4H","Corrupted Egg","False"
"AT_005t","Boar","False"
"EX1_400","Whirlwind","True"
"EX1_058","Sunfury Protector","True"
"BRMA10_5","Chromatic Drake","False"
"NEW1_031","Animal Companion","True"
"NEW1_040","Hogger","True"
"EX1_625t2","Mind Shatter","False"
"GVG_074","Kezan Mystic","True"
"CS2_073","Cold Blood","True"
"BRMA10_5H","Chromatic Drake","False"
"BRMA09_5Ht","Gyth","False"
"FP1_014","Stalagg","True"
"EX1_554t","Snake","False"
"EX1_160t","Panther","False"
"FP1_021","Death's Bite","True"
"GVG_032a","Gift of Mana","False"
"CS2_161","Ravenholdt Assassin","True"
"NAX6_01","Loatheb","False"
"FP1_027","Stoneskin Gargoyle","True"
"CRED_08","Ben Brode","False"
"BRM_018","Dragon Consort","True"
"EX1_392","Battle Rage","True"
"GVG_106e","Junked Up","False"
"CS2_037","Frost Shock","True"
"BRM_010a","Firecat Form","False"
"BRMA09_3H","Old Horde","False"
"EX1_411e","Bloodrage","False"
"AT_073","Competitive Spirit","True"
"EX1_303","Shadowflame","True"
"EX1_582","Dalaran Mage","True"
"GVG_102","Tinkertown Technician","True"
"GVG_045","Imp-losion","True"
"HERO_08","Jaina Proudmoore","True"
"EX1_583","Priestess of Elune","True"
"Mekka4e","Transformed","False"
"AT_040","Wildwalker","True"
"BRMA02_2_2c_TB","Jeering Crowd","False"
"BRMA12_6","Brood Affliction: Black","False"
"CRED_27","Henry Ho","False"
"EX1_258","Unbound Elemental","True"
"NAX14_01","Sapphiron","False"
"EX1_059","Crazed Alchemist","True"
"GVG_018","Mistress of Pain","True"
"CS2_084","Hunter's Mark","True"
"CS2_155","Archmage","True"
"EX1_339","Thoughtsteal","True"
"AT_042t2","Sabertooth Panther","False"
"XXX_048","-1 Durability","False"
"BRMA_01","Flameheart","False"
"AT_123","Chillmaw","True"
"AT_057","Stablemaster","True"
"EX1_178a","Rooted","False"
"CRED_01","Jason Chayes","False"
"EX1_379","Repentance","True"
"BRMA03_3","Moira Bronzebeard","False"
"CS2_105","Heroic Strike","True"
"EX1_560","Nozdormu","True"
"CS2_022e","Polymorph","False"
"CS2_029","Fireball","True"
"EX1_587","Windspeaker","True"
"CS2_013","Wild Growth","True"
"BRMC_96","High Justice Grimstone","False"
"EX1_575","Mana Tide Totem","True"
"GVG_023","Goblin Auto-Barber","True"
"XXX_013","Discard","False"
"CS2_162","Lord of the Arena","True"
"BRMA16_2","Echolocate","False"
"XXX_044","Hand Swapper Minion","False"
"CS1_069","Fen Creeper","True"
"AT_047e","Experienced","False"
"CS2_188o","'Inspired'","False"
"AT_006e","Power of Dalaran","False"
"CS2_203","Ironbeak Owl","True"
"NAX13_05H","Stalagg","False"
"EX1_610","Explosive Trap","True"
"GVG_061","Muster for Battle","True"
"GAME_004","AFK","False"
"GVG_094","Jeeves","True"
"EX1_384","Avenging Wrath","True"
"BRM_015","Revenge","True"
"EX1_165t1","Druid of the Claw","False"
"XXX_024","Damage Reflector","False"
"TU4e_003","Naga Myrmidon","False"
"NAX13_03","Supercharge","False"
"GVG_002","Snowchugger","True"
"EX1_323h","Lord Jaraxxus","False"
"NAX5_02","Eruption","False"
"TBA01_6","Molten Rage","False"
"NAX8_01H","Gothik the Harvester","False"
"EX1_097","Abomination","True"
"NAX12_01","Gluth","False"
"NAX1_05","Locust Swarm","False"
"CS2_052","Wrath of Air Totem","False"
"CRED_24","Dean Ayala","False"
"BRM_008","Dark Iron Skulker","True"
"EX1_016","Sylvanas Windrunner","True"
"EX1_308","Soulfire","True"
"DS1_175","Timber Wolf","True"
"NAX10_03H","Hateful Strike","False"
"EX1_573a","Demigod's Favor","False"
"NAX4_04","Raise Dead","False"
"DS1_055","Darkscale Healer","True"
"XXX_042","Hand to Deck","False"
"GVG_083","Upgraded Repair Bot","True"
"CS2_102_H1_AT_132","Tank Up!","False"
"CS2_213","Reckless Rocketeer","True"
"EX1_082","Mad Bomber","True"
"NAX3_01H","Maexxna","False"
"NAX11_02","Poison Cloud","False"
"CS2_042","Fire Elemental","True"
"NAX13_01H","Thaddius","False"
"EX1_345","Mindgames","True"
"TU4f_003","Shado-Pan Monk","False"
"EX1_360","Humility","True"
"EX1_274","Ethereal Arcanist","True"
"EX1_316","Power Overwhelming","True"
"BRMA12_4H","Brood Affliction: Green","False"
"EX1_584","Ancient Mage","True"
"AT_026","Wrathguard","True"
"Mekka2","Repair Bot","False"
"AT_099t","War Kodo","False"
"GVG_086","Siege Engine","True"
"XXX_015","Crash","False"
"EX1_593","Nightblade","True"
"AT_046","Tuskarr Totemic","True"
"BRMA04_3H","Firesworn","False"
"NAX7_01","Instructor Razuvious","False"
"EX1_241","Lava Burst","True"
"BRM_004","Twilight Whelp","True"
"EX1_350","Prophet Velen","True"
"NEW1_016","Captain's Parrot","True"
"XXX_049","Destroy all Mana","False"
"NAX12_03","Jaws","False"
"BRMC_100","Living Bomb","False"
"NAX4_03H","Skeleton","False"
"EX1_102","Demolisher","True"
"AT_016e","Confused","False"
"AT_082","Lowly Squire","True"
"BRM_022t","Black Whelp","False"
"XXX_001","Damage 1","False"
"NAX13_01","Thaddius","False"
"NEW1_038","Gruul","True"
"EX1_412","Raging Worgen","True"
"PRO_001at","Murloc","False"
"BRM_012e","On Fire!","False"
"EX1_155b","Mark of Nature","False"
"EX1_565o","Flametongue","False"
"BRMA17_7","Chromatic Prototype","False"
"HERO_07","Gul'dan","True"
"HERO_01a","Magni Bronzebeard","True"
"EX1_014te","Bananas","False"
"AT_060","Bear Trap","True"
"AT_113","Recruiter","True"
"EX1_154b","Wrath","False"
"BRM_030","Nefarian","True"
"AT_075e","Might of the Hostler","False"
"EX1_366e","Justice Served","False"
"NAX4_04H","Raise Dead","False"
"AT_011","Holy Champion","True"
"BRMA06_3","Ragnaros the Firelord","False"
"CRED_33","Jomaro Kindred","False"
"BRM_029","Rend Blackhand","True"
"EX1_093e","Hand of Argus","False"
"EX1_178","Ancient of War","True"
"BRMA14_1","Omnotron Defense System","False"
"GVG_101","Scarlet Purifier","True"
"GVG_030b","Tank Mode","False"
"GVG_022a","Tinker's Sharpsword Oil","False"
"CS2_124","Wolfrider","True"
"EX1_tk34","Infernal","False"
"CS2_120","River Crocolisk","True"
"GVG_027","Iron Sensei","True"
"NEW1_010","Al'Akir the Windlord","True"
"BRM_011","Lava Shock","True"
"GAME_002","Avatar of the Coin","False"
"EX1_019e","Cleric's Blessing","False"
"EX1_402","Armorsmith","True"
"NAX3_02H","Web Wrap","False"
"AT_067","Magnataur Alpha","True"
"BRMA17_2H","Nefarian","False"
"GVG_042","Neptulon","True"
"AT_068","Bolster","True"
"BRMA04_4H","Rock Out","False"
"FP1_012t","Slime","False"
"NEW1_008","Ancient of Lore","True"
"GVG_041","Dark Wispers","True"
"NAX1_01","Anub'Rekhan","False"
"EX1_020","Scarlet Crusader","True"
"CS2_082","Wicked Knife","False"
"BRMA12_7H","Brood Affliction: Bronze","False"
"BRMA14_9","Magmatron","False"
"BRMC_99","Garr","False"
"EX1_598","Imp","False"
"CS2_034","Fireblast","False"
"AT_083e","Dragonhawkery","False"
"skele21","Damaged Golem","False"
"CS2_106","Fiery War Axe","True"
"EX1_564","Faceless Manipulator","True"
"EX1_363","Blessing of Wisdom","True"
"BRMA01_3","Dark Iron Bouncer","False"
"EX1_050","Coldlight Oracle","True"
"AT_061e","Lock and Load","False"
"BRMA11_2H","Essence of the Red","False"
"BRMC_95","Golemagg","False"
"EX1_243","Dust Devil","True"
"GVG_104","Hobgoblin","True"
"BRMA12_7","Brood Affliction: Bronze","False"
"AT_009","Rhonin","True"
"ds1_whelptoken","Whelp","False"
"tt_010a","Spellbender","False"
"AT_121e","Huge Ego","False"
"CS2_168","Murloc Raider","True"
"AT_132_SHAMANc","Stoneclaw Totem","False"
"GVG_001","Flamecannon","True"
"BRMA08_2H","Intense Gaze","False"
"NAX10_03","Hateful Strike","False"
"BRMA04_1H","Garr","False"
"CS2_013t","Excess Mana","False"
"EX1_365","Holy Wrath","True"
"AT_045","Aviana","True"
"XXX_055e","1000 Stats Enchant","False"
"BRMA13_8","DIE, INSECT!","False"
"GVG_007","Flame Leviathan","True"
"CS2_065","Voidwalker","True"
"CS2_073e","Cold Blood","False"
"EX1_091","Cabal Shadow Priest","True"
"EX1_507","Murloc Warleader","True"
"AT_054","The Mistcaller","True"
"PART_006a","Switched","False"
"HERO_04","Uther Lightbringer","True"
"NAX2_05H","Worshipper","False"
"EX1_295","Ice Block","True"
"XXX_040","Hogger","False"
"BRMA06_2H","The Majordomo","False"
"Mekka3e","Emboldened!","False"
"XXX_020","Damage all but 1","False"
"CS2_169","Young Dragonhawk","True"
"NAX12_02H_2_TB","Decimate","False"
"EX1_360e","Humility","False"
"GVG_010","Velen's Chosen","True"
"EX1_103e","Mrghlglhal","False"
"NAX11_01","Grobbulus","False"
"XXX_094","AI Buddy - Blank Slate","False"
"EX1_335","Lightspawn","True"
"AT_130","Sea Reaver","True"
"EX1_049","Youthful Brewmaster","True"
"NAX11_02H","Poison Cloud","False"
"EX1_538","Unleash the Hounds","True"
"NAX9_05H","Runeblade","False"
"TU4f_006","Transcendence","False"
"AT_028e","Chi Lance","False"
"BRMA09_3Ht","Old Horde Orc","False"
"TB_Pilot1","Mystery Pilot","False"
"GVG_069a","Repairs!","False"
"AT_022","Fist of Jaraxxus","True"
"EX1_044","Questing Adventurer","True"
"BRMA12_3","Brood Affliction: Red","False"
"GVG_080","Druid of the Fang","True"
"NAXM_002","Skeletal Smith","False"
"EX1_247","Stormforged Axe","True"
"GVG_051","Warbot","True"
"AT_114","Evil Heckler","True"
"AT_059","Brave Archer","True"
"EX1_614","Illidan Stormrage","True"
"EX1_612","Kirin Tor Mage","True"
"EX1_626","Mass Dispel","True"
"BRMC_84","Dragonkin Spellcaster","False"
"AT_040e","Kindred Spirit","False"
"AT_112","Master Jouster","True"
"GVG_116","Mekgineer Thermaplugg","True"
"TU4c_007","Mukla's Big Brother","False"
"EX1_391","Slam","True"
"BRMA10_1","Razorgore the Untamed","False"
"CRED_26","Eric Del Priore","False"
"EX1_162","Dire Wolf Alpha","True"
"PART_004","Finicky Cloakfield","False"
"CS1_129e","Inner Fire","False"
"CS2_119","Oasis Snapjaw","True"
"GVG_011","Shrinkmeister","True"
"DS1h_292_H1_AT_132","Ballista Shot","False"
"AT_064","Bash","True"
"EX1_165","Druid of the Claw","True"
"CS2_142","Kobold Geomancer","True"
"EX1_155ae","Mark of Nature","False"
"BRMA09_2","Open the Gates","False"
"TU4a_001","Hogger","False"
"GVG_067","Stonesplinter Trogg","True"
"EX1_611","Freezing Trap","True"
"AT_049","Thunder Bluff Valiant","True"
"XXX_050","Destroy a Mana Crystal","False"
"FP1_028","Undertaker","True"
"XXX_010","Silence - debug","False"
"AT_032e","Shady Deals","False"
"AT_119e","Inspired","False"
"TBST_003","OLDN3wb Healer","False"
"CS2_062","Hellfire","True"
"XXX_016","Snake Ball","False"
"NAX4_05","Plague","False"
"NAX7_04H","Massive Runeblade","False"
"EX1_320","Bane of Doom","True"
"NAX12_02H","Decimate","False"
"AT_132_WARRIOR","Tank Up!","False"
"TB_012","Choose a New Card!","False"
"AT_091","Tournament Medic","True"
"EX1_382e","Stand Down!","False"
"FP1_030","Loatheb","True"
"NAX8_02","Harvest","False"
"GVG_092t","Chicken","False"
"AT_078","Enter the Coliseum","True"
"NEW1_005","Kidnapper","True"
"CS2_074e","Deadly Poison","False"
"AT_017e","Twilight's Embrace","False"
"FP1_012","Sludge Belcher","True"
"NEW1_024o","Greenskin's Command","False"
"CS2_179","Sen'jin Shieldmasta","True"
"tt_010","Spellbender","True"
"GVG_111","Mimiron's Head","True"
"NAX15_02","Frost Blast","False"
"AT_002","Effigy","True"
"EX1_tk31","Mind Controlling","False"
"AT_055","Flash Heal","True"
"GVG_032b","Gift of Cards","False"
"AT_015","Convert","True"
"GVG_035","Malorne","True"
"NAX8_05t","Spectral Rider","False"
"NAX9_03","Thane Korth'azz","False"
"BRMA08_1H","General Drakkisath","False"
"GVG_056","Iron Juggernaut","True"
"CS2_005o","Claw","False"
"NEW1_012o","Mana Gorged","False"
"GVG_004","Goblin Blastmage","True"
"AT_063t","Dreadscale","True"
"GVG_069","Antique Healbot","True"
"BRM_005","Demonwrath","True"
"AT_012","Spawn of Shadows","True"
"CS1h_001","Lesser Heal","False"
"GVG_073","Cobra Shot","True"
"DS1_184","Tracking","True"
"EX1_116","Leeroy Jenkins","True"
"GVG_099","Bomb Lobber","True"
"EX1_621","Circle of Healing","True"
"GVG_091","Arcane Nullifier X-21","True"
"TU4d_001","Hemet Nesingwary","False"
"BRMA13_6","Living Lava","False"
"BRM_003e","Dragon's Might","False"
"TB_008","Rotten Banana","False"
"EX1_130","Noble Sacrifice","True"
"EX1_165t2","Druid of the Claw","False"
"GVG_114","Sneed's Old Shredder","True"
"XXX_018","Destroy All Minions","False"
"EX1_584e","Teachings of the Kirin Tor","False"
"AT_074e2","Seal of Champions","False"
